{
  "analysis_date": "2025-12-24T10:12:31.158513",
  "total_revenue": 15419773.749999998,
  "total_orders": 96478,
  "avg_monthly_revenue": 670424.9456521738,
  "avg_monthly_orders": 4194.695652173913,
  "revenue_cagr_monthly": 49.41890548571044,
  "analysis_period_months": 23,
  "peak_month": "2017-11",
  "peak_revenue": 1153364.2
}