year,orders,revenue,customers,avg_order_value
2016,267,46653.74,267,174.7331086142322
2017,43428,6921535.24,43428,159.37955328359584
2018,52783,8451584.77,52783,160.11944698103557
